{"stats":{"minecraft:picked_up":{"minecraft:rotten_flesh":2,"minecraft:dirt":3},"minecraft:mined":{"minecraft:grass_block":1,"minecraft:dirt":2},"minecraft:custom":{"minecraft:jump":25,"minecraft:time_since_rest":68085,"minecraft:damage_dealt":399,"minecraft:leave_game":1,"minecraft:sprint_one_cm":2036,"minecraft:play_time":68085,"minecraft:damage_taken":250,"minecraft:time_since_death":68085,"minecraft:walk_one_cm":3946,"minecraft:total_world_time":68085,"minecraft:mob_kills":2,"minecraft:fly_one_cm":25005},"minecraft:used":{"minecraft:stone_axe":2,"minecraft:dirt":3,"minecraft:stone_sword":5},"minecraft:killed":{"minecraft:zombie":2}},"DataVersion":3953}