{"stats":{"minecraft:picked_up":{"minecraft:rotten_flesh":2,"minecraft:wheat_seeds":1,"minecraft:dirt":3},"minecraft:mined":{"minecraft:grass_block":1,"minecraft:dirt":2},"minecraft:custom":{"minecraft:jump":105,"minecraft:time_since_rest":73614,"minecraft:damage_dealt":419,"minecraft:play_time":73614,"minecraft:leave_game":2,"minecraft:sprint_one_cm":7780,"minecraft:damage_taken":250,"minecraft:time_since_death":73614,"minecraft:walk_one_cm":7001,"minecraft:total_world_time":73614,"minecraft:mob_kills":2,"minecraft:fall_one_cm":627,"minecraft:fly_one_cm":58864},"minecraft:used":{"minecraft:stone_axe":2,"minecraft:stone_sword":5,"minecraft:dirt":8},"minecraft:killed":{"minecraft:zombie":2}},"DataVersion":3953}