{"stats":{"minecraft:picked_up":{"minecraft:rotten_flesh":2,"minecraft:dirt":3},"minecraft:mined":{"minecraft:grass_block":1,"minecraft:dirt":2},"minecraft:custom":{"minecraft:jump":11,"minecraft:time_since_rest":41962,"minecraft:damage_dealt":399,"minecraft:play_time":41962,"minecraft:damage_taken":250,"minecraft:time_since_death":41962,"minecraft:walk_one_cm":3084,"minecraft:total_world_time":41962,"minecraft:mob_kills":2,"minecraft:fly_one_cm":573},"minecraft:used":{"minecraft:stone_axe":2,"minecraft:dirt":1,"minecraft:stone_sword":5},"minecraft:killed":{"minecraft:zombie":2}},"DataVersion":3953}